SEVERITYCODE,X,Y,OBJECTID,INCKEY,COLDETKEY,REPORTNO,STATUS,ADDRTYPE,INTKEY,LOCATION,EXCEPTRSNCODE,EXCEPTRSNDESC,SEVERITYCODE,SEVERITYDESC,COLLISIONTYPE,PERSONCOUNT,PEDCOUNT,PEDCYLCOUNT,VEHCOUNT,INCDATE,INCDTTM,JUNCTIONTYPE,SDOT_COLCODE,SDOT_COLDESC,INATTENTIONIND,UNDERINFL,WEATHER,ROADCOND,LIGHTCOND,PEDROWNOTGRNT,SDOTCOLNUM,SPEEDING,ST_COLCODE,ST_COLDESC,SEGLANEKEY,CROSSWALKKEY,HITPARKEDCAR
1,-122.3553063,47.69150544,472,1395,1395,3467091,Matched,Block,,GREENWOOD AVE N BETWEEN N 85TH ST AND N 87TH ST, ,,1,Property Damage Only Collision,Rear Ended,2,0,0,2,2013/04/03 00:00:00+00,4/3/2013 21:29,Mid-Block (not related to intersection),14,"MOTOR VEHICLE STRUCK MOTOR VEHICLE, REAR END",Y,Y,Clear,Dry,Dark - Street Lights On,,,,14,From same direction - both going straight - one stopped - rear-end,0,0,N
2,-122.3134077,47.57162902,473,33600,33600,1783990,Matched,Intersection,32245,15TH AVE S AND S SPOKANE ST,,,2,Injury Collision,Angles,4,0,0,3,2005/09/11 00:00:00+00,9/11/2005 20:41,At Intersection (intersection related),11,"MOTOR VEHICLE STRUCK MOTOR VEHICLE, FRONT END AT ANGLE",,0,Clear,Dry,Dark - Street Lights On,,5254020,,10,Entering at angle,0,0,N
1,-122.2908185,47.70657855,474,320859,322359,E937406,Matched,Block,,35TH AVE NE BETWEEN NE 105TH ST AND NE 110TH ST, ,,1,Property Damage Only Collision,Parked Car,2,0,0,2,2019/07/04 00:00:00+00,7/4/2019 16:00,Mid-Block (not related to intersection),11,"MOTOR VEHICLE STRUCK MOTOR VEHICLE, FRONT END AT ANGLE",,N,Clear,Dry,Daylight,,,,32,One parked--one moving,0,0,Y
1,-122.3311339,47.61253537,475,1222,1222,3581935,Matched,Intersection,29883,PIKE ST AND CONVENTION PL, ,,1,Property Damage Only Collision,Sideswipe,2,0,0,2,2013/03/31 00:00:00+00,3/31/2013 15:54,At Intersection (intersection related),11,"MOTOR VEHICLE STRUCK MOTOR VEHICLE, FRONT END AT ANGLE",,N,Clear,Dry,Daylight,,,,81,Same direction -- both turning left -- both moving -- sideswipe,0,0,N
2,-122.3295514,47.55339933,476,330851,332351,3803371,Unmatched,Intersection,33170,4TH AVE S AND S LUCILE ST, ,,2,Injury Collision,,3,0,0,0,2020/04/20 00:00:00+00,4/20/2020,At Intersection (intersection related),11,"MOTOR VEHICLE STRUCK MOTOR VEHICLE, FRONT END AT ANGLE",,,,,,,,, ,,0,0,N
1,-122.3234661,47.6375274,478,33000,33000,2063792,Matched,Block,,BOYLSTON AVE E BETWEEN LAKEVIEW N BV E AND E BOSTON ST,,,1,Property Damage Only Collision,Parked Car,6,0,0,2,2005/10/05 00:00:00+00,10/5/2005,Mid-Block (not related to intersection),11,"MOTOR VEHICLE STRUCK MOTOR VEHICLE, FRONT END AT ANGLE",Y,0,Clear,Dry,Daylight,,5278035,,32,One parked--one moving,0,0,N
1,-122.3247477,47.61968083,479,1237,1237,3593844,Matched,Block,,E JOHN ST BETWEEN SUMMIT AVE E AND E OLIVE WAY, ,,1,Property Damage Only Collision,Parked Car,2,0,0,2,2013/03/31 00:00:00+00,3/31/2013 13:45,Driveway Junction,11,"MOTOR VEHICLE STRUCK MOTOR VEHICLE, FRONT END AT ANGLE",,N,Clear,Dry,Daylight,,,,32,One parked--one moving,0,0,N
1,-122.347606,47.62032232,481,330826,332326,3852336,Unmatched,Block,,5TH AVE N BETWEEN JOHN ST AND BROAD ST, ,,1,Property Damage Only Collision,,1,0,0,0,2020/04/16 00:00:00+00,4/16/2020,Driveway Junction,14,"MOTOR VEHICLE STRUCK MOTOR VEHICLE, REAR END",,,,,,,,, ,,0,0,N
1,-122.305025,47.60801396,482,69100,69100,2792043,Matched,Intersection,30175,21ST AVE AND E CHERRY ST,,,1,Property Damage Only Collision,Angles,3,0,0,2,2007/06/05 00:00:00+00,6/5/2007,At Intersection (intersection related),11,"MOTOR VEHICLE STRUCK MOTOR VEHICLE, FRONT END AT ANGLE",,0,Overcast,Dry,Daylight,,7156014,,10,Entering at angle,0,0,N
1,-122.3727609,47.67595853,483,1055,1055,3501622,Matched,Block,,NW 65TH ST BETWEEN 12TH AVE NW AND 14TH AVE NW, ,,1,Property Damage Only Collision,Parked Car,2,0,0,2,2013/03/26 00:00:00+00,3/26/2013 23:36,Mid-Block (not related to intersection),14,"MOTOR VEHICLE STRUCK MOTOR VEHICLE, REAR END",,Y,Clear,Dry,Dark - Street Lights On,,,,32,One parked--one moving,0,0,N
1,-122.3207449,47.60453069,484,59700,59700,2071146,Matched,Intersection,29831,BOREN AVE AND BROADWAY,,,1,Property Damage Only Collision,Sideswipe,7,0,0,2,2006/06/24 00:00:00+00,6/24/2006 16:13,At Intersection (intersection related),11,"MOTOR VEHICLE STRUCK MOTOR VEHICLE, FRONT END AT ANGLE",,0,Clear,Dry,Daylight,,6175012,,81,Same direction -- both turning left -- both moving -- sideswipe,0,0,N
1,-122.3773428,47.69060745,486,51000,51000,2059368,Matched,Block,,NW 85TH ST BETWEEN 15TH AVE NW AND 16TH AVE NW,,,1,Property Damage Only Collision,Sideswipe,3,0,0,2,2006/01/26 00:00:00+00,1/26/2006 8:15,Mid-Block (but intersection related),11,"MOTOR VEHICLE STRUCK MOTOR VEHICLE, FRONT END AT ANGLE",,0,Overcast,Wet,Daylight,,6026048,,11,From same direction - both going straight - both moving - sideswipe,0,0,N
1,-122.3064701,47.56643214,487,38900,38900,1773342,Matched,Block,,BEACON AVE S BETWEEN BEACON WR N AVE S AND BEACON ER AVE S,,,1,Property Damage Only Collision,Rear Ended,3,0,0,3,2005/02/03 00:00:00+00,2/3/2005,Mid-Block (but intersection related),14,"MOTOR VEHICLE STRUCK MOTOR VEHICLE, REAR END",,0,Clear,Dry,Daylight,,5034041,,14,From same direction - both going straight - one stopped - rear-end,0,0,N
1,-122.3202196,47.62682816,488,1360,1360,3593845,Matched,Intersection,28977,10TH AVE E AND E ALOHA ST, ,,1,Property Damage Only Collision,Sideswipe,2,0,0,2,2013/04/02 00:00:00+00,4/2/2013 6:34,At Intersection (intersection related),16,"MOTOR VEHICLE STRUCK MOTOR VEHICLE, LEFT SIDE SIDESWIPE",,N,Clear,Dry,Daylight,,,,12,From same direction - both going straight - one stopped - sideswipe,0,0,N
1,-122.3473151,47.65205986,489,34700,34700,2023301,Matched,Block,,AURORA AVE N BETWEEN BRIDGE WAY N AND N 38 UPPER ST,,,1,Property Damage Only Collision,Sideswipe,3,0,0,2,2005/06/24 00:00:00+00,6/24/2005 14:30,Mid-Block (but intersection related),11,"MOTOR VEHICLE STRUCK MOTOR VEHICLE, FRONT END AT ANGLE",,0,Clear,Dry,Daylight,,5175038,Y,11,From same direction - both going straight - both moving - sideswipe,0,0,N
1,-122.3482257,47.62455294,490,320889,322389,E938201,Unmatched,Block,,MERCER ST BETWEEN 4TH AVE N AND 5TH AVE N, ,,1,Property Damage Only Collision,,2,0,0,0,2019/07/08 00:00:00+00,7/8/2019,Mid-Block (but intersection related),11,"MOTOR VEHICLE STRUCK MOTOR VEHICLE, FRONT END AT ANGLE",,,,,,,,, ,,0,0,N
1,-122.2699891,47.53210531,491,330848,332348,EA29359,Matched,Block,,RAINIER AVE S BETWEEN S CHICAGO ST AND S KENYON ST, ,,1,Property Damage Only Collision,Angles,3,0,0,3,2020/04/14 00:00:00+00,4/14/2020 11:12,Driveway Junction,14,"MOTOR VEHICLE STRUCK MOTOR VEHICLE, REAR END",,N,Clear,Dry,Daylight,,,,10,Entering at angle,0,0,N
2,-122.3255288,47.61521875,492,45600,45600,2028039,Matched,Intersection,29860,SUMMIT AVE AND E PINE ST,,,2,Injury Collision,Angles,3,0,0,2,2005/04/15 00:00:00+00,4/15/2005 17:44,At Intersection (intersection related),11,"MOTOR VEHICLE STRUCK MOTOR VEHICLE, FRONT END AT ANGLE",,0,Raining,Wet,Daylight,,5105017,,10,Entering at angle,0,0,N
2,-122.2875459,47.56175885,493,1228,1228,3672124,Matched,Block,,RAINIER AVE S BETWEEN S OREGON ST AND S ALASKA ST, ,,2,Injury Collision,Rear Ended,4,0,0,2,2013/03/30 00:00:00+00,3/30/2013 17:02,Mid-Block (not related to intersection),14,"MOTOR VEHICLE STRUCK MOTOR VEHICLE, REAR END",,N,Clear,Dry,Daylight,,,,14,From same direction - both going straight - one stopped - rear-end,0,0,N
1,-122.3192088,47.70856922,495,330802,332302,EA19054,Matched,Block,,NE NORTHGATE WAY BETWEEN 8TH AVE NE AND ROOSEVELT WAY NE, ,,1,Property Damage Only Collision,Rear Ended,2,0,0,2,2020/01/02 00:00:00+00,1/2/2020 18:09,Mid-Block (but intersection related),14,"MOTOR VEHICLE STRUCK MOTOR VEHICLE, REAR END",,N,Raining,Wet,Dark - Unknown Lighting,,,,14,From same direction - both going straight - one stopped - rear-end,0,0,N
1,-122.2983548,47.60800045,496,111100,111100,3386629,Matched,Block,,E CHERRY ST BETWEEN 26TH AVE AND 27TH W AVE,,,1,Property Damage Only Collision,Parked Car,3,0,0,3,2010/09/15 00:00:00+00,9/15/2010 17:31,Mid-Block (not related to intersection),14,"MOTOR VEHICLE STRUCK MOTOR VEHICLE, REAR END",,Y,Raining,Wet,Daylight,,10258022,,32,One parked--one moving,0,0,N
1,-122.3767697,47.67952867,497,1348,1348,3609017,Matched,Intersection,23926,15TH AVE NW AND NW 70TH ST, ,,1,Property Damage Only Collision,Left Turn,3,0,0,3,2013/03/27 00:00:00+00,3/27/2013 16:56,At Intersection (intersection related),11,"MOTOR VEHICLE STRUCK MOTOR VEHICLE, FRONT END AT ANGLE",,N,Raining,Wet,Daylight,,,,28,From opposite direction - one left turn - one straight,0,0,N
1,-122.342572,47.60779516,498,56900,56900,2625188,Matched,Block,,ALASKAN WAY BETWEEN ALASKAN E RDWY WAY AND PIKE ST,,,1,Property Damage Only Collision,Parked Car,2,0,0,2,2006/11/24 00:00:00+00,11/24/2006 14:45,Mid-Block (not related to intersection),13,"MOTOR VEHICLE STRUCK MOTOR VEHICLE, LEFT SIDE AT ANGLE",,0,Clear,Dry,Daylight,,6328024,,32,One parked--one moving,0,0,N
1,-122.2777117,47.70024447,499,1315,1315,3501980,Matched,Block,,SAND POINT WAY NE BETWEEN NE 97TH ST AND NE 100TH ST, ,,1,Property Damage Only Collision,Rear Ended,2,0,0,2,2013/03/28 00:00:00+00,3/28/2013 8:24,Mid-Block (not related to intersection),14,"MOTOR VEHICLE STRUCK MOTOR VEHICLE, REAR END",,N,Overcast,Dry,Daylight,,,,14,From same direction - both going straight - one stopped - rear-end,0,0,N
2,-122.3512527,47.68693981,500,130000,130000,3562147,Matched,Block,,N 80TH ST BETWEEN DAYTON AVE N AND FREMONT AVE N,,,2,Injury Collision,Parked Car,2,0,0,2,2011/03/12 00:00:00+00,3/12/2011 2:30,Mid-Block (not related to intersection),16,"MOTOR VEHICLE STRUCK MOTOR VEHICLE, LEFT SIDE SIDESWIPE",,Y,Raining,Wet,Dark - Street Lights On,,11071002,,32,One parked--one moving,0,0,N
1,-122.3553063,47.69150544,501,41800,41800,2022418,Matched,Block,,GREENWOOD AVE N BETWEEN N 85TH ST AND N 87TH ST,,,1,Property Damage Only Collision,Parked Car,2,0,0,2,2005/07/06 00:00:00+00,7/6/2005,Mid-Block (not related to intersection),11,"MOTOR VEHICLE STRUCK MOTOR VEHICLE, FRONT END AT ANGLE",,0,Clear,Dry,Dark - Street Lights On,,5187036,,20,One car leaving parked position,0,0,N
1,-122.3246186,47.60708825,502,28800,28800,1798932,Matched,Block,,TERRY AVE BETWEEN CHERRY ST AND COLUMBIA ST,,,1,Property Damage Only Collision,Parked Car,2,0,0,2,2004/08/31 00:00:00+00,8/31/2004 12:23,Mid-Block (not related to intersection),14,"MOTOR VEHICLE STRUCK MOTOR VEHICLE, REAR END",Y,0,Clear,Dry,Daylight,,4244027,,32,One parked--one moving,0,0,N
1,-122.3864507,47.58349953,504,1258,1258,3553735,Matched,Block,,CALIFORNIA AVE SW BETWEEN SW WALKER ST AND SW COLLEGE ST, ,,1,Property Damage Only Collision,Parked Car,2,0,0,2,2013/03/31 00:00:00+00,3/31/2013 13:26,Mid-Block (not related to intersection),14,"MOTOR VEHICLE STRUCK MOTOR VEHICLE, REAR END",,N,Clear,Dry,Daylight,,,,32,One parked--one moving,0,0,N
1,-122.4120188,47.57684322,505,320925,322425,3587805,Matched,Block,,62ND AVE SW BETWEEN SW STEVENS ST AND SW ADMIRAL WAY, ,,1,Property Damage Only Collision,Parked Car,2,0,0,2,2019/07/06 00:00:00+00,7/6/2019 14:16,Mid-Block (not related to intersection),11,"MOTOR VEHICLE STRUCK MOTOR VEHICLE, FRONT END AT ANGLE",,N,Overcast,Dry,Daylight,,,,32,One parked--one moving,0,0,Y
2,-122.3342556,47.52935807,506,320828,322328,E918820,Matched,Block,,SR509 NB BETWEEN KENYON ON RP AND 1ST AV S ON RP, ,,2,Injury Collision,Rear Ended,2,0,0,2,2019/04/24 00:00:00+00,4/24/2019 8:45,Mid-Block (not related to intersection),14,"MOTOR VEHICLE STRUCK MOTOR VEHICLE, REAR END",Y,N,Clear,Dry,Daylight,,,,13,From same direction - both going straight - both moving - rear-end,0,0,N
1,-122.3930003,47.69057215,507,99000,99000,3198702,Matched,Intersection,37083,28TH AVE NW AND NW 85TH ST,,,1,Property Damage Only Collision,Angles,5,0,0,2,2009/06/30 00:00:00+00,6/30/2009 14:00,At Intersection (intersection related),11,"MOTOR VEHICLE STRUCK MOTOR VEHICLE, FRONT END AT ANGLE",Y,0,Clear,Dry,Daylight,,9181010,,10,Entering at angle,0,0,N
2,-122.302329,47.65499523,508,64600,64600,C696927,Matched,Block,,MONTLAKE BLVD NE BETWEEN NE PACIFIC PL AND 25TH AVE NE,,,2,Injury Collision,Rear Ended,3,0,0,3,2007/10/23 00:00:00+00,10/23/2007 14:30,Mid-Block (not related to intersection),14,"MOTOR VEHICLE STRUCK MOTOR VEHICLE, REAR END",,0,Clear,Dry,Daylight,,7296035,,14,From same direction - both going straight - one stopped - rear-end,0,0,N
1,-122.3377949,47.68564978,509,1085,1085,3612888,Matched,Intersection,24243,GREEN LAKE DR N AND EAST GREEN LAKE DR N, ,,1,Property Damage Only Collision,Angles,2,0,0,2,2013/03/25 00:00:00+00,3/25/2013 7:20,At Intersection (intersection related),11,"MOTOR VEHICLE STRUCK MOTOR VEHICLE, FRONT END AT ANGLE",,N,Clear,Dry,Daylight,,,,10,Entering at angle,0,0,N
2,-122.3629755,47.55282114,510,82200,82200,2895788,Matched,Block,,DELRIDGE WAY SW BETWEEN SW BRANDON ST AND SW FINDLAY ST,,,2,Injury Collision,Other,2,0,0,2,2008/09/02 00:00:00+00,9/2/2008,Driveway Junction,11,"MOTOR VEHICLE STRUCK MOTOR VEHICLE, FRONT END AT ANGLE",,0,Clear,Dry,Dark - Street Lights On,,8246015,Y,22,One car leaving driveway access,0,0,N
2,-122.3235383,47.60310238,511,41000,41000,1745296,Matched,Block,,ALDER ST BETWEEN DEAD END AND 9TH AVE,,,2,Injury Collision,Parked Car,2,0,0,2,2005/08/15 00:00:00+00,8/15/2005 6:54,Mid-Block (not related to intersection),11,"MOTOR VEHICLE STRUCK MOTOR VEHICLE, FRONT END AT ANGLE",,0,Clear,Dry,Daylight,,5227033,Y,20,One car leaving parked position,0,0,N
1,-122.3027665,47.60851268,512,27900,27900,1788745,Matched,Block,,23RD AVE BETWEEN E CHERRY ST AND E COLUMBIA ST,,,1,Property Damage Only Collision,Rear Ended,2,0,0,2,2004/07/23 00:00:00+00,7/23/2004 14:45,Mid-Block (but intersection related),14,"MOTOR VEHICLE STRUCK MOTOR VEHICLE, REAR END",,0,Clear,Dry,Daylight,,4205026,,14,From same direction - both going straight - one stopped - rear-end,0,0,N
1,-122.3175921,47.69537674,514,112000,112000,2880818,Matched,Block,,ROOSEVELT WAY NE BETWEEN NE 91ST ST AND NE 92ND ST,,,1,Property Damage Only Collision,Parked Car,2,0,0,2,2010/06/12 00:00:00+00,6/12/2010 16:53,Mid-Block (not related to intersection),14,"MOTOR VEHICLE STRUCK MOTOR VEHICLE, REAR END",,N,Overcast,Dry,Daylight,,10163008,,32,One parked--one moving,0,0,N
1,-122.3304444,47.62427541,515,20300,20300,1069351,Matched,Intersection,29121,MERCER ST AND YALE AVE N,,,1,Property Damage Only Collision,Left Turn,4,0,0,2,2004/12/04 00:00:00+00,12/4/2004,At Intersection (intersection related),11,"MOTOR VEHICLE STRUCK MOTOR VEHICLE, FRONT END AT ANGLE",,0,Overcast,Dry,Daylight,,4339001,,28,From opposite direction - one left turn - one straight,0,0,N
1,-122.3756475,47.67780732,516,320918,322418,3578614,Matched,Block,,NW 67TH ST BETWEEN ALONZO AVE NW AND MARY AVE NW, ,,1,Property Damage Only Collision,Parked Car,2,0,0,2,2019/07/04 00:00:00+00,7/4/2019 18:43,Driveway Junction,13,"MOTOR VEHICLE STRUCK MOTOR VEHICLE, LEFT SIDE AT ANGLE",,N,Clear,Dry,Daylight,,,,32,One parked--one moving,0,0,Y
1,-122.2962223,47.57985835,517,330928,332428,3852283,Matched,Block,,M L KING JR WAY S BETWEEN S BAYVIEW S ST AND S MCCLELLAN ST, ,,1,Property Damage Only Collision,Other,1,0,0,1,2020/04/17 00:00:00+00,4/17/2020 19:15,Mid-Block (not related to intersection),26,MOTOR VEHICLE STRUCK OBJECT IN ROAD,,N,Clear,Wet,Daylight,,,Y,50,Fixed object,0,0,N
2,-122.3285496,47.70499627,518,48400,48400,1794568,Matched,Intersection,37566,1ST AVE NE AND NE 105TH ST,,,2,Injury Collision,Left Turn,5,0,0,2,2005/07/07 00:00:00+00,7/7/2005,At Intersection (intersection related),11,"MOTOR VEHICLE STRUCK MOTOR VEHICLE, FRONT END AT ANGLE",,0,Clear,Dry,Daylight,,5188031,,28,From opposite direction - one left turn - one straight,0,0,N
1,-122.3867677,47.56973731,519,1041,1041,3553225,Matched,Block,,CALIFORNIA AVE SW BETWEEN SW CHARLESTOWN ST AND SW BRADFORD ST, ,,1,Property Damage Only Collision,Parked Car,7,0,0,7,2013/03/24 00:00:00+00,3/24/2013 3:07,Mid-Block (not related to intersection),16,"MOTOR VEHICLE STRUCK MOTOR VEHICLE, LEFT SIDE SIDESWIPE",,Y,Clear,Dry,Dark - Street Lights On,,,,32,One parked--one moving,0,0,N
2,-122.3439876,47.69055853,520,60300,60300,2178426,Matched,Block,,N 85TH ST BETWEEN AURORA AVE N AND NESBIT AVE N,,,2,Injury Collision,Other,1,0,0,1,2006/03/05 00:00:00+00,3/5/2006,Mid-Block (not related to intersection),28,MOTOR VEHICLE RAN OFF ROAD - HIT FIXED OBJECT,,1,Clear,Dry,Dark - Street Lights On,,6064007,,50,Fixed object,0,0,N
1,-122.2806324,47.53439091,521,330942,332442,3857190,Unmatched,Block,,M L KING JR ER WAY S BETWEEN RENTON S AVE S AND S HOLDEN ST, ,,1,Property Damage Only Collision,,2,0,0,0,2020/04/21 00:00:00+00,4/21/2020,Mid-Block (not related to intersection),26,MOTOR VEHICLE STRUCK OBJECT IN ROAD,,,,,,,,, ,,0,0,N
1,-122.3721818,47.57125436,522,49100,49100,2625487,Matched,Block,,SW MANNING ST BETWEEN ADMIRAL AVALON RP AND FAUNTLEROY WAY SW,,,1,Property Damage Only Collision,Other,3,0,0,2,2006/12/11 00:00:00+00,12/11/2006 17:00,Mid-Block (but intersection related),11,"MOTOR VEHICLE STRUCK MOTOR VEHICLE, FRONT END AT ANGLE",,0,Unknown,Wet,Dark - Street Lights On,,6345012,,23,From same direction - all others,0,0,N
1,-122.3038582,47.67762135,523,36700,36700,2025448,Matched,Intersection,24791,RAVENNA AVE NE AND NE 68TH ST,,,1,Property Damage Only Collision,Other,1,0,0,1,2005/06/20 00:00:00+00,6/20/2005 21:57,At Intersection (intersection related),26,MOTOR VEHICLE STRUCK OBJECT IN ROAD,,0,Clear,Dry,Dark - Street Lights On,,5171042,,50,Fixed object,0,0,N
1,-122.3867705,47.56746537,524,1357,1357,3553820,Matched,Block,,CALIFORNIA AVE SW BETWEEN SW ANDOVER ST AND SW DAKOTA ST, ,,1,Property Damage Only Collision,Parked Car,3,0,0,3,2013/04/02 00:00:00+00,4/2/2013 4:57,Mid-Block (not related to intersection),14,"MOTOR VEHICLE STRUCK MOTOR VEHICLE, REAR END",,N,Clear,Dry,Dark - Street Lights On,,,,32,One parked--one moving,0,0,N
1,-122.3470206,47.65091059,525,54500,54500,2624883,Matched,Block,,N 36TH ST BETWEEN TROLL AVE N AND WINSLOW PL N,,,1,Property Damage Only Collision,Parked Car,6,0,0,2,2006/08/07 00:00:00+00,8/7/2006,Mid-Block (not related to intersection),11,"MOTOR VEHICLE STRUCK MOTOR VEHICLE, FRONT END AT ANGLE",,0,Clear,Dry,Daylight,,6219025,,32,One parked--one moving,0,0,N
2,-122.3408806,47.57175135,526,34600,34600,1933726,Matched,Block,,ALASKAN WY VI SB WSB WB OFF RP BETWEEN ALASKAN WY VI SB AND WEST SEATTLE BR WB,,,2,Injury Collision,Other,1,0,0,1,2005/03/25 00:00:00+00,3/25/2005 20:43,Mid-Block (but intersection related),28,MOTOR VEHICLE RAN OFF ROAD - HIT FIXED OBJECT,,0,Clear,Dry,Dark - Street Lights On,,5084009,,50,Fixed object,0,0,N
2,-122.2946969,47.72018507,527,320888,322388,E921701,Matched,Block,,LAKE CITY WAY NE BETWEEN NE 125TH ST AND NE 127TH ST, ,,2,Injury Collision,Cycles,2,0,1,1,2019/04/26 00:00:00+00,4/26/2019 16:42,Mid-Block (not related to intersection),18,"MOTOR VEHICLE STRUCK PEDALCYCLIST, FRONT END AT ANGLE",,N,Clear,Dry,Daylight,Y,,,5,Vehicle Strikes Pedalcyclist,0,0,N
1,-122.3406294,47.60872262,528,1219,1219,3598981,Matched,Block,,PIKE PL BETWEEN PIKE ST AND POST AL, ,,1,Property Damage Only Collision,Parked Car,2,0,0,2,2013/03/30 00:00:00+00,3/30/2013 1:00,Mid-Block (not related to intersection),14,"MOTOR VEHICLE STRUCK MOTOR VEHICLE, REAR END",,N,Clear,Dry,Dark - Street Lights On,,,,32,One parked--one moving,0,0,N
1,-122.3224467,47.58615297,529,330874,332374,3803370,Unmatched,Block,,S HOLGATE ST BETWEEN S HOLGATE BR AND AIRPORT S WAY S, ,,1,Property Damage Only Collision,,1,0,0,0,2020/04/20 00:00:00+00,4/20/2020,Mid-Block (not related to intersection),24,MOTOR VEHCILE STRUCK PEDESTRIAN,,,,,,,,, ,,0,0,N
1,-122.3341838,47.72320789,530,47100,47100,2059266,Matched,Intersection,35965,MERIDIAN AVE N AND N 130TH ST,,,1,Property Damage Only Collision,Angles,3,0,0,2,2005/12/26 00:00:00+00,12/26/2005 21:46,At Intersection (intersection related),11,"MOTOR VEHICLE STRUCK MOTOR VEHICLE, FRONT END AT ANGLE",,0,Overcast,Wet,Dark - Street Lights On,,5360018,,10,Entering at angle,0,0,N
1,-122.3481953,47.72321838,531,32200,32200,1079610,Matched,Intersection,35826,LINDEN AVE N AND N 130TH ST,,,1,Property Damage Only Collision,Left Turn,2,0,0,2,2004/08/30 00:00:00+00,8/30/2004 13:33,At Intersection (intersection related),11,"MOTOR VEHICLE STRUCK MOTOR VEHICLE, FRONT END AT ANGLE",Y,0,Clear,Dry,Daylight,,4243021,,28,From opposite direction - one left turn - one straight,0,0,N
2,-122.2852425,47.55825221,532,1231,1231,3672356,Matched,Block,,RAINIER AVE S BETWEEN S EDMUNDS ST AND S FERDINAND ST, ,,2,Injury Collision,Rear Ended,6,0,0,3,2013/03/30 00:00:00+00,3/30/2013 15:36,Mid-Block (not related to intersection),14,"MOTOR VEHICLE STRUCK MOTOR VEHICLE, REAR END",,N,Clear,Dry,Daylight,,,,14,From same direction - both going straight - one stopped - rear-end,0,0,N
1,-122.2773645,47.53705785,533,1200,1200,2897718,Matched,Block,,S OTHELLO ST BETWEEN 44TH AVE S AND 45TH AVE S, ,,1,Property Damage Only Collision,Parked Car,2,0,0,2,2013/03/30 00:00:00+00,3/30/2013 0:45,Mid-Block (not related to intersection),14,"MOTOR VEHICLE STRUCK MOTOR VEHICLE, REAR END",,N,Clear,Dry,Dark - Street Lights On,,,Y,32,One parked--one moving,0,0,N
1,-122.3050362,47.60474707,534,1291,1291,3476307,Matched,Block,,21ST AVE BETWEEN E ALDER ST AND E TERRACE ST, ,,1,Property Damage Only Collision,Parked Car,2,0,0,2,2013/03/27 00:00:00+00,3/27/2013 19:00,Mid-Block (not related to intersection),11,"MOTOR VEHICLE STRUCK MOTOR VEHICLE, FRONT END AT ANGLE",,N,Raining,Wet,Daylight,,,,32,One parked--one moving,0,0,N
2,-122.3652334,47.5392503,535,330828,332328,3838202,Matched,Block,,SYLVAN WAY SW BETWEEN SW SYLVAN HEIGHTS DR AND SW ORCHARD ST, ,,2,Injury Collision,Other,2,0,0,1,2020/04/16 00:00:00+00,4/16/2020 21:31,Mid-Block (not related to intersection),26,MOTOR VEHICLE STRUCK OBJECT IN ROAD,,N,Clear,Dry,Dark - Street Lights On,,,,52,Vehicle overturned,0,0,N
2,-122.3208627,47.71946775,536,111300,111300,3377125,Matched,Intersection,36432,8TH AVE NE AND NE 125TH ST,,,2,Injury Collision,Angles,4,0,0,2,2010/12/19 00:00:00+00,12/19/2010 12:20,At Intersection (intersection related),11,"MOTOR VEHICLE STRUCK MOTOR VEHICLE, FRONT END AT ANGLE",Y,N,Clear,Dry,Daylight,,10353025,,10,Entering at angle,0,0,N
1,-122.3449968,47.72503555,537,25200,25200,1793826,Matched,Block,,AURORA AVE N BETWEEN N 130TH ST AND N 135TH ST,,,1,Property Damage Only Collision,Sideswipe,2,0,0,2,2004/07/27 00:00:00+00,7/27/2004 16:51,Mid-Block (not related to intersection),16,"MOTOR VEHICLE STRUCK MOTOR VEHICLE, LEFT SIDE SIDESWIPE",,0,Clear,Dry,Daylight,,4209036,,12,From same direction - both going straight - one stopped - sideswipe,0,0,N