SEVERITYCODE,X,Y,OBJECTID,INCKEY,COLDETKEY,REPORTNO,STATUS,ADDRTYPE,INTKEY,LOCATION,EXCEPTRSNCODE,EXCEPTRSNDESC,SEVERITYCODE,SEVERITYDESC,COLLISIONTYPE,PERSONCOUNT,PEDCOUNT,PEDCYLCOUNT,VEHCOUNT,INCDATE,INCDTTM,JUNCTIONTYPE,SDOT_COLCODE,SDOT_COLDESC,INATTENTIONIND,UNDERINFL,WEATHER,ROADCOND,LIGHTCOND,PEDROWNOTGRNT,SDOTCOLNUM,SPEEDING,ST_COLCODE,ST_COLDESC,SEGLANEKEY,CROSSWALKKEY,HITPARKEDCAR
1,-122.3736736,47.54922034,673,68900,68900,2798401,Matched,Block,,32ND AVE SW BETWEEN SW JUNEAU ST AND SW RAYMOND ST,,,1,Property Damage Only Collision,Parked Car,2,0,0,2,2007/03/13 00:00:00+00,3/13/2007 14:20,Mid-Block (not related to intersection),13,"MOTOR VEHICLE STRUCK MOTOR VEHICLE, LEFT SIDE AT ANGLE",,0,Clear,Dry,Daylight,,7072012,,32,One parked--one moving,0,0,N
1,-122.3367472,47.68630425,674,1351,1351,3501460,Matched,Block,,WALLINGFORD AVE N BETWEEN EAST GREEN LAKE DR N AND N 80TH ST, ,,1,Property Damage Only Collision,Parked Car,2,0,0,2,2013/04/02 00:00:00+00,4/2/2013 12:00,Mid-Block (not related to intersection),11,"MOTOR VEHICLE STRUCK MOTOR VEHICLE, FRONT END AT ANGLE",,N,Overcast,Dry,Daylight,,,,32,One parked--one moving,0,0,N
1,-122.3421814,47.54035298,675,54700,54700,2613440,Matched,Intersection,34082,HIGHLAND PARK WAY SW AND WEST MARGINAL WAY SW,,,1,Property Damage Only Collision,Angles,4,0,0,2,2006/10/18 00:00:00+00,10/18/2006 11:24,At Intersection (intersection related),11,"MOTOR VEHICLE STRUCK MOTOR VEHICLE, FRONT END AT ANGLE",,0,Raining,Wet,Daylight,,6291056,,10,Entering at angle,0,0,N
1,-122.3131081,47.70853181,676,1332,1332,3198822,Matched,Block,,NE NORTHGATE WAY BETWEEN 14TH AVE NE AND 15TH AVE NE, ,,1,Property Damage Only Collision,Sideswipe,2,0,0,2,2013/04/02 00:00:00+00,4/2/2013 19:45,Mid-Block (not related to intersection),14,"MOTOR VEHICLE STRUCK MOTOR VEHICLE, REAR END",,N,Clear,Dry,Dusk,,,,12,From same direction - both going straight - one stopped - sideswipe,0,0,N
1,-122.3384241,47.60378134,678,41700,41700,1785524,Matched,Intersection,29631,ALASKAN WAY AND MADISON ST,,,1,Property Damage Only Collision,Angles,3,0,0,2,2005/06/10 00:00:00+00,6/10/2005 14:10,At Intersection (intersection related),11,"MOTOR VEHICLE STRUCK MOTOR VEHICLE, FRONT END AT ANGLE",,0,Overcast,Dry,Daylight,,5161034,,10,Entering at angle,0,0,N
1,-122.3259678,47.70910524,680,1136,1136,3551620,Matched,Block,,3RD AVE NE BETWEEN NE NORTHGATE WAY AND NE 112TH ST, ,,1,Property Damage Only Collision,Right Turn,2,0,0,2,2013/03/26 00:00:00+00,3/26/2013 18:04,Mid-Block (but intersection related),11,"MOTOR VEHICLE STRUCK MOTOR VEHICLE, FRONT END AT ANGLE",,N,Overcast,Dry,Daylight,,,,16,From same direction - one right turn - one straight,0,0,N
1,-122.3082797,47.54717122,681,1283,1283,3672047,Matched,Block,,SWIFT AVE S BETWEEN 19TH ER AVE S AND S GRAHAM ST, ,,1,Property Damage Only Collision,Rear Ended,3,0,0,2,2013/04/01 00:00:00+00,4/1/2013 12:52,Mid-Block (not related to intersection),14,"MOTOR VEHICLE STRUCK MOTOR VEHICLE, REAR END",,N,Overcast,Dry,Daylight,,,,14,From same direction - both going straight - one stopped - rear-end,0,0,N
1,-122.2904533,47.68214015,683,112900,112900,3284786,Matched,Block,,35TH AVE NE BETWEEN NE 73RD ST AND NE 75TH ST,,,1,Property Damage Only Collision,Parked Car,2,0,0,2,2010/05/07 00:00:00+00,5/7/2010 11:51,Driveway Junction,14,"MOTOR VEHICLE STRUCK MOTOR VEHICLE, REAR END",,N,Clear,Dry,Daylight,,10127045,,32,One parked--one moving,0,0,N
1,-122.317228,47.59833759,684,64900,64900,2623613,Matched,Intersection,30430,12TH AVE S AND S KING ST,,,1,Property Damage Only Collision,Angles,2,0,0,2,2007/10/23 00:00:00+00,10/23/2007 12:23,At Intersection (intersection related),11,"MOTOR VEHICLE STRUCK MOTOR VEHICLE, FRONT END AT ANGLE",,0,Clear,Dry,Daylight,,7296019,,10,Entering at angle,0,0,N
2,-122.3291934,47.6259987,685,1299,1299,3643726,Matched,Block,,EASTLAKE AVE E BETWEEN LAKEVIEW BLVD E AND ALOHA ST, ,,2,Injury Collision,Sideswipe,2,0,0,2,2013/03/30 00:00:00+00,3/30/2013 13:05,Mid-Block (not related to intersection),16,"MOTOR VEHICLE STRUCK MOTOR VEHICLE, LEFT SIDE SIDESWIPE",,N,Clear,Dry,Daylight,,,,11,From same direction - both going straight - both moving - sideswipe,0,0,N
2,-122.3296785,47.59919793,686,41400,41400,2190495,Matched,Intersection,30508,2ND AV ET S AND S JACKSON ST,,,2,Injury Collision,Pedestrian,3,1,0,1,2005/11/25 00:00:00+00,11/25/2005 18:59,At Intersection (intersection related),24,MOTOR VEHCILE STRUCK PEDESTRIAN,,0,Raining,Wet,Dark - Street Lights On,,5329006,,0,Vehicle going straight hits pedestrian,0,0,N
2,-122.3393929,47.56892782,687,28400,28400,1775324,Matched,Block,,DUWAMISH AVE S BETWEEN EAST MARGINAL SB WAY S AND EAST MARGINAL NB WAY S,,,2,Injury Collision,Other,1,0,0,1,2004/09/18 00:00:00+00,9/18/2004 17:48,Mid-Block (not related to intersection),28,MOTOR VEHICLE RAN OFF ROAD - HIT FIXED OBJECT,,0,Overcast,Wet,Daylight,,4262007,,50,Fixed object,0,0,N
2,-122.3253062,47.60532163,688,1341,1341,3582036,Matched,Block,,JAMES ST BETWEEN 8TH AVE AND 9TH AVE, ,,2,Injury Collision,Rear Ended,4,0,0,3,2013/03/28 00:00:00+00,3/28/2013 22:33,Mid-Block (but intersection related),14,"MOTOR VEHICLE STRUCK MOTOR VEHICLE, REAR END",,N,Clear,Dry,Dark - Street Lights On,,,,14,From same direction - both going straight - one stopped - rear-end,0,0,N
1,-122.2735399,47.5233101,689,140000,140000,3608513,Matched,Block,,S HENDERSON ST BETWEEN 46TH AVE S AND 48TH AVE S,,,1,Property Damage Only Collision,Parked Car,2,0,0,2,2012/04/07 00:00:00+00,4/7/2012 14:31,Mid-Block (not related to intersection),11,"MOTOR VEHICLE STRUCK MOTOR VEHICLE, FRONT END AT ANGLE",,N,Clear,Dry,Daylight,,12098023,,32,One parked--one moving,0,0,N
1,-122.3767854,47.698985,690,42600,42600,2022399,Matched,Intersection,37221,15TH AVE NW AND NW 96TH ST,,,1,Property Damage Only Collision,Other,1,0,0,1,2005/07/14 00:00:00+00,7/14/2005 2:00,At Intersection (intersection related),28,MOTOR VEHICLE RAN OFF ROAD - HIT FIXED OBJECT,,0,Overcast,Dry,Dark - Street Lights On,,5195021,,50,Fixed object,0,0,N
1,-122.337678,47.66322369,691,29900,29900,1781904,Matched,Block,,DENSMORE AVE N BETWEEN N 47TH ST AND N 48TH ST,,,1,Property Damage Only Collision,Parked Car,2,0,0,2,2004/06/08 00:00:00+00,6/8/2004,Mid-Block (not related to intersection),13,"MOTOR VEHICLE STRUCK MOTOR VEHICLE, LEFT SIDE AT ANGLE",,0,Unknown,Unknown,Daylight,,4160041,,32,One parked--one moving,0,0,N
2,-122.3167818,47.60218827,692,1233,1233,3593840,Matched,Block,,12TH AVE BETWEEN E YESLER WAY AND E FIR ST, ,,2,Injury Collision,Rear Ended,6,0,0,2,2013/03/31 00:00:00+00,3/31/2013 13:04,Mid-Block (not related to intersection),14,"MOTOR VEHICLE STRUCK MOTOR VEHICLE, REAR END",,N,Clear,Dry,Daylight,,,,14,From same direction - both going straight - one stopped - rear-end,0,0,N
1,-122.3518438,47.65164866,693,50000,50000,2184811,Matched,Block,,N 36TH ST BETWEEN DAYTON AVE N AND FREMONT PL N,,,1,Property Damage Only Collision,Parked Car,3,0,0,2,2006/02/21 00:00:00+00,2/21/2006 0:13,Mid-Block (not related to intersection),11,"MOTOR VEHICLE STRUCK MOTOR VEHICLE, FRONT END AT ANGLE",,0,Clear,Dry,Dark - Street Lights On,,6052020,,19,One car entering parked position,0,0,N
1,-122.391931,47.58028519,694,1270,1270,3380607,Matched,Block,,47TH AVE SW BETWEEN SW ADMIRAL WAY AND SW LANDER ST, ,,1,Property Damage Only Collision,Parked Car,3,0,0,2,2013/04/01 00:00:00+00,4/1/2013 14:49,Mid-Block (not related to intersection),11,"MOTOR VEHICLE STRUCK MOTOR VEHICLE, FRONT END AT ANGLE",,N,Clear,Dry,Daylight,,,,32,One parked--one moving,0,0,N
1,-122.3405249,47.6335923,695,320854,322354,3547729,Matched,Block,,WESTLAKE AVE N BETWEEN 8TH N AVE N AND BLAINE ST, ,,1,Property Damage Only Collision,Other,5,0,0,2,2019/07/08 00:00:00+00,7/8/2019 22:15,Mid-Block (not related to intersection),14,"MOTOR VEHICLE STRUCK MOTOR VEHICLE, REAR END",,N,Clear,Dry,Dark - Street Lights On,,,,23,From same direction - all others,0,0,N
1,-122.3178713,47.70978936,696,113000,113000,3276897,Matched,Intersection,36498,PINEHURST WAY NE AND ROOSEVELT S WAY NE,,,1,Property Damage Only Collision,Left Turn,2,0,0,2,2010/12/27 00:00:00+00,12/27/2010 19:36,At Intersection (intersection related),11,"MOTOR VEHICLE STRUCK MOTOR VEHICLE, FRONT END AT ANGLE",,N,Raining,Wet,Dark - Street Lights On,,10361043,,28,From opposite direction - one left turn - one straight,0,0,N
2,-122.2848217,47.52357286,697,330818,332318,EA29627,Unmatched,Block,,38TH AVE S BETWEEN S TRENTON ST AND BEACON ER N AVE S, ,,2,Injury Collision,,2,0,0,0,2020/04/17 00:00:00+00,4/17/2020,Mid-Block (not related to intersection),11,"MOTOR VEHICLE STRUCK MOTOR VEHICLE, FRONT END AT ANGLE",,,,,,,,, ,,0,0,N
1,-122.3219204,47.70858579,698,53300,53300,2603572,Matched,Block,,NE NORTHGATE WAY BETWEEN 5TH AVE NE AND 8TH AVE NE,,,1,Property Damage Only Collision,Other,2,0,0,2,2006/12/12 00:00:00+00,12/12/2006 14:42,Driveway Junction,11,"MOTOR VEHICLE STRUCK MOTOR VEHICLE, FRONT END AT ANGLE",,0,Clear,Wet,Daylight,,6346018,,21,One car entering driveway access,0,0,N
1,-122.329974,47.70863743,699,1313,1313,3501630,Matched,Block,,N NORTHGATE WAY BETWEEN CORLISS AVE N AND 1ST AVE NE, ,,1,Property Damage Only Collision,Rear Ended,2,0,0,2,2013/03/28 00:00:00+00,3/28/2013 11:11,Mid-Block (not related to intersection),14,"MOTOR VEHICLE STRUCK MOTOR VEHICLE, REAR END",Y,N,Clear,Dry,Daylight,,,,14,From same direction - both going straight - one stopped - rear-end,0,0,N
2,-122.3766999,47.52286109,700,41200,41200,1197677,Matched,Intersection,34729,35TH AVE SW AND SW HENDERSON ST,,,2,Injury Collision,Pedestrian,2,1,0,1,2005/02/18 00:00:00+00,2/18/2005 16:02,At Intersection (intersection related),24,MOTOR VEHCILE STRUCK PEDESTRIAN,,0,Clear,Dry,Daylight,Y,5049004,,2,Vehicle turning left hits pedestrian,0,0,N
1,-122.3224615,47.61144442,701,27500,27500,C647798,Matched,Intersection,29771,BOYLSTON AVE AND SPRING ST,,,1,Property Damage Only Collision,Angles,2,0,0,2,2004/12/07 00:00:00+00,12/7/2004,At Intersection (intersection related),11,"MOTOR VEHICLE STRUCK MOTOR VEHICLE, FRONT END AT ANGLE",,0,Raining,Wet,Dusk,,4342065,,10,Entering at angle,0,0,N
2,-122.3376201,47.67218409,702,1140,1140,3503364,Matched,Intersection,25482,KENWOOD PL N AND EAST GREEN LAKE WAY N, ,,2,Injury Collision,Rear Ended,4,0,0,3,2013/03/29 00:00:00+00,3/29/2013 16:20,At Intersection (intersection related),14,"MOTOR VEHICLE STRUCK MOTOR VEHICLE, REAR END",Y,N,Clear,Dry,Daylight,,,,14,From same direction - both going straight - one stopped - rear-end,0,0,N
2,-122.3377875,47.60306058,704,83800,83800,2906675,Matched,Intersection,30379,ALASKAN WAY AND MARION ST,,,2,Injury Collision,Left Turn,3,0,0,2,2008/06/21 00:00:00+00,6/21/2008 19:51,At Intersection (intersection related),11,"MOTOR VEHICLE STRUCK MOTOR VEHICLE, FRONT END AT ANGLE",,0,Clear,Dry,Daylight,,8173015,,15,From same direction - one left turn - one straight,0,0,N
1,-122.3604846,47.52399655,708,1022,1022,3380686,Matched,Block,,DELRIDGE WAY SW BETWEEN SW TRENTON ST AND 21ST S AVE SW, ,,1,Property Damage Only Collision,Rear Ended,2,0,0,2,2013/03/24 00:00:00+00,3/24/2013 22:09,Mid-Block (but intersection related),14,"MOTOR VEHICLE STRUCK MOTOR VEHICLE, REAR END",,N,Clear,Dry,Dark - Street Lights On,,,,14,From same direction - both going straight - one stopped - rear-end,0,0,N
1,-122.3654723,47.56544935,709,59400,59400,2404826,Matched,Intersection,32062,26TH AVE SW AND SW NEVADA ST,,,1,Property Damage Only Collision,Other,1,0,0,1,2006/06/24 00:00:00+00,6/24/2006 22:27,At Intersection (intersection related),28,MOTOR VEHICLE RAN OFF ROAD - HIT FIXED OBJECT,,0,Clear,Dry,Dark - Street Lights On,,6175005,Y,50,Fixed object,0,0,N
1,-122.2791537,47.5168885,710,330951,332451,EA30701,Unmatched,Intersection,35313,M L KING JR ER WAY S AND MERTON WAY S, ,,1,Property Damage Only Collision,,2,0,0,0,2020/04/24 00:00:00+00,4/24/2020,At Intersection (intersection related),14,"MOTOR VEHICLE STRUCK MOTOR VEHICLE, REAR END",,,,,,,,, ,,0,0,N
1,-122.3235032,47.65582463,711,50400,50400,2624569,Matched,Intersection,27122,5TH AVE NE AND NE 40 UPPER ST,,,1,Property Damage Only Collision,Left Turn,3,0,0,2,2006/10/02 00:00:00+00,10/2/2006,At Intersection (intersection related),11,"MOTOR VEHICLE STRUCK MOTOR VEHICLE, FRONT END AT ANGLE",,0,Clear,Dry,Daylight,,6275008,,28,From opposite direction - one left turn - one straight,0,0,N
2,-122.3473373,47.66075886,712,38600,38600,1796887,Matched,Intersection,27003,AURORA N AVE N AND N PHINNEY WAY,,,2,Injury Collision,Rear Ended,2,0,0,2,2005/04/04 00:00:00+00,4/4/2005,At Intersection (but not related to intersection),14,"MOTOR VEHICLE STRUCK MOTOR VEHICLE, REAR END",,0,Clear,Dry,Daylight,,5094009,,14,From same direction - both going straight - one stopped - rear-end,0,0,N
2,-122.3034157,47.64315946,713,1370,1370,3476556,Matched,Block,,E ROANOKE ST BETWEEN 22ND AVE E AND EAST MONTLAKE PL E, ,,2,Injury Collision,Rear Ended,2,0,0,2,2013/04/02 00:00:00+00,4/2/2013 17:57,Mid-Block (not related to intersection),14,"MOTOR VEHICLE STRUCK MOTOR VEHICLE, REAR END",,N,Clear,Dry,Daylight,,,,14,From same direction - both going straight - one stopped - rear-end,0,0,N
1,-122.3596588,47.63413575,714,32900,32900,1097215,Matched,Block,,2ND AVE W BETWEEN W GARFIELD ST AND W BLAINE ST,,,1,Property Damage Only Collision,Sideswipe,2,0,0,2,2005/02/23 00:00:00+00,2/23/2005 9:12,Mid-Block (not related to intersection),16,"MOTOR VEHICLE STRUCK MOTOR VEHICLE, LEFT SIDE SIDESWIPE",,0,Clear,Dry,Daylight,,5054029,,12,From same direction - both going straight - one stopped - sideswipe,0,0,N
1,-122.3280786,47.60416123,715,320881,322381,E920857,Matched,Intersection,29973,6TH AVE AND JAMES ST, ,,1,Property Damage Only Collision,Rear Ended,2,0,0,2,2019/05/08 00:00:00+00,5/8/2019 7:32,At Intersection (but not related to intersection),14,"MOTOR VEHICLE STRUCK MOTOR VEHICLE, REAR END",,N,Clear,Dry,Daylight,,,,14,From same direction - both going straight - one stopped - rear-end,0,0,N
2,-122.3267146,47.66135208,716,1187,1187,3507860,Matched,Block,,NE 45TH ST BETWEEN 2ND AVE NE AND THACKERAY PL NE, ,,2,Injury Collision,Angles,2,0,0,2,2013/03/30 00:00:00+00,3/30/2013 7:40,Mid-Block (not related to intersection),11,"MOTOR VEHICLE STRUCK MOTOR VEHICLE, FRONT END AT ANGLE",,N,Clear,Dry,Dawn,,,Y,10,Entering at angle,0,0,N
1,-122.3370661,47.53607235,717,330877,332377,3838228,Unmatched,Block,,2ND AVE SW BETWEEN WEST MARGINAL WAY SW AND 2ND AV SW OFF RP, ,,1,Property Damage Only Collision,,1,0,0,0,2020/04/20 00:00:00+00,4/20/2020,Mid-Block (not related to intersection),26,MOTOR VEHICLE STRUCK OBJECT IN ROAD,,,,,,,,, ,,0,0,N
1,-122.3163082,47.7230616,718,45200,45200,2020379,Matched,Block,,NE 130TH ST BETWEEN DEAD END 2 AND 12TH AVE NE,,,1,Property Damage Only Collision,Other,1,0,0,1,2005/05/27 00:00:00+00,5/27/2005 6:00,Mid-Block (not related to intersection),28,MOTOR VEHICLE RAN OFF ROAD - HIT FIXED OBJECT,,0,Clear,Dry,Dark - Street Lights On,,5147014,,50,Fixed object,0,0,N
2,-122.3141466,47.60127027,719,1236,1236,3593843,Matched,Block,,14TH AVE S BETWEEN E YESLER WAY AND S WASHINGTON ST, ,,2,Injury Collision,Left Turn,2,0,0,2,2013/03/31 00:00:00+00,3/31/2013 14:48,Driveway Junction,11,"MOTOR VEHICLE STRUCK MOTOR VEHICLE, FRONT END AT ANGLE",,N,Clear,Dry,Daylight,,,,28,From opposite direction - one left turn - one straight,0,0,N
2,-122.343075,47.61603294,720,22900,22900,1475124,Matched,Intersection,29531,5TH AVE AND BELL ST,,,2,Injury Collision,Sideswipe,5,0,0,2,2004/06/12 00:00:00+00,6/12/2004 22:15,At Intersection (intersection related),16,"MOTOR VEHICLE STRUCK MOTOR VEHICLE, LEFT SIDE SIDESWIPE",,0,Raining,Wet,Dark - Street Lights On,,4164023,,11,From same direction - both going straight - both moving - sideswipe,0,0,N
2,-122.3290775,47.57142087,721,330832,332332,EA29750,Matched,Intersection,32342,4TH AVE S AND S SPOKANE SR ST, ,,2,Injury Collision,Left Turn,4,0,0,3,2020/04/13 00:00:00+00,4/13/2020 14:20,At Intersection (intersection related),11,"MOTOR VEHICLE STRUCK MOTOR VEHICLE, FRONT END AT ANGLE",,N,Clear,Dry,Daylight,,,,28,From opposite direction - one left turn - one straight,0,0,N
2,-122.3351293,47.60515932,722,69400,69400,2608048,Matched,Intersection,29614,2ND AVE AND MADISON ST,,,2,Injury Collision,Right Turn,11,0,0,2,2007/08/04 00:00:00+00,8/4/2007,At Intersection (intersection related),11,"MOTOR VEHICLE STRUCK MOTOR VEHICLE, FRONT END AT ANGLE",,0,Clear,Dry,Daylight,,7216022,,16,From same direction - one right turn - one straight,0,0,N
1,-122.3500218,47.65977668,723,25900,25900,1796911,Matched,Block,,FREMONT AVE N BETWEEN N 43RD N ST AND N 44TH ST,,,1,Property Damage Only Collision,Parked Car,2,0,0,2,2004/11/22 00:00:00+00,11/22/2004 17:30,Mid-Block (not related to intersection),33,DRIVERLESS VEHICLE STRUCK MOTOR VEHICLE LEFT SIDE AT ANGLE,,0,Overcast,Dry,Dark - Street Lights On,,4327013,,32,One parked--one moving,0,0,N
1,-122.3232392,47.5470245,724,57300,57300,2404532,Matched,Block,,S MICHIGAN ST BETWEEN 7TH AVE S AND CORSON AVE S,,,1,Property Damage Only Collision,Other,2,0,0,2,2006/05/31 00:00:00+00,5/31/2006 17:20,Driveway Junction,11,"MOTOR VEHICLE STRUCK MOTOR VEHICLE, FRONT END AT ANGLE",,0,Clear,Dry,Daylight,,6151015,,22,One car leaving driveway access,0,0,N
2,-122.3448961,47.7171731,726,1003,1003,3503158,Matched,Block,,AURORA AVE N BETWEEN N 117TH PL AND N 125TH ST, ,,2,Injury Collision,Cycles,2,0,1,1,2013/03/14 00:00:00+00,3/14/2013 17:30,Driveway Junction,18,"MOTOR VEHICLE STRUCK PEDALCYCLIST, FRONT END AT ANGLE",,N,Clear,Dry,Daylight,Y,,,45,Vehicle - Pedalcyclist,15057,0,N
1,-122.3200539,47.67542229,727,43300,43300,1199059,Matched,Block,,8TH AVE NE BETWEEN NE 64TH ST AND NE 65TH ST,,,1,Property Damage Only Collision,Rear Ended,2,0,0,2,2005/08/27 00:00:00+00,8/27/2005 10:54,Mid-Block (but intersection related),14,"MOTOR VEHICLE STRUCK MOTOR VEHICLE, REAR END",,0,Overcast,Dry,Daylight,,5239011,,14,From same direction - both going straight - one stopped - rear-end,0,0,N
1,-122.3384846,47.61853427,728,29200,29200,1213515,Matched,Intersection,29510,DENNY WAY AND WESTLAKE AVE,,,1,Property Damage Only Collision,Angles,2,0,0,2,2004/05/18 00:00:00+00,5/18/2004 7:40,At Intersection (intersection related),11,"MOTOR VEHICLE STRUCK MOTOR VEHICLE, FRONT END AT ANGLE",,0,Clear,Dry,Daylight,,4139028,,10,Entering at angle,0,0,N
1,-122.3796185,47.66867212,729,1152,1152,3613550,Matched,Block,,NW MARKET ST BETWEEN 17TH AVE NW AND BARNES AVE NW, ,,1,Property Damage Only Collision,Parked Car,2,0,0,2,2013/03/26 00:00:00+00,3/26/2013 8:53,Mid-Block (not related to intersection),11,"MOTOR VEHICLE STRUCK MOTOR VEHICLE, FRONT END AT ANGLE",Y,N,Clear,Dry,Daylight,,,,32,One parked--one moving,0,0,N
1,-122.3766367,47.52828518,730,1277,1277,3331265,Matched,Intersection,34685,35TH AVE SW AND SW THISTLE ST, ,,1,Property Damage Only Collision,Sideswipe,2,0,0,2,2013/03/27 00:00:00+00,3/27/2013 12:04,At Intersection (intersection related),11,"MOTOR VEHICLE STRUCK MOTOR VEHICLE, FRONT END AT ANGLE",,N,Clear,Dry,Daylight,,,,71,Same direction -- both turning right -- both moving -- sideswipe,0,0,N
1,-122.3255099,47.61353316,731,320931,322431,E926394,Matched,Block,,SUMMIT AVE BETWEEN E UNION ST AND E PIKE ST, ,,1,Property Damage Only Collision,Parked Car,2,0,0,2,2019/05/05 00:00:00+00,5/5/2019 17:30,Mid-Block (not related to intersection),14,"MOTOR VEHICLE STRUCK MOTOR VEHICLE, REAR END",,N,Overcast,Dry,Dusk,,,,32,One parked--one moving,0,0,N
2,-122.3404667,47.60931643,732,113100,113100,3373304,Matched,Block,,1ST AVE BETWEEN PIKE ST AND PINE ST,,,2,Injury Collision,Angles,9,0,0,3,2010/10/18 00:00:00+00,10/18/2010 14:38,Mid-Block (not related to intersection),11,"MOTOR VEHICLE STRUCK MOTOR VEHICLE, FRONT END AT ANGLE",Y,N,Clear,Dry,Daylight,,10291007,,10,Entering at angle,0,0,N
2,-122.3290568,47.58719993,733,64500,64500,2793287,Matched,Block,,4TH AVE S BETWEEN S MASSACHUSETTS ST AND S HOLGATE ST,,,2,Injury Collision,Other,2,0,0,2,2007/03/14 00:00:00+00,3/14/2007 17:40,Driveway Junction,11,"MOTOR VEHICLE STRUCK MOTOR VEHICLE, FRONT END AT ANGLE",,0,Clear,Dry,Dark - Street Lights On,,7073002,,22,One car leaving driveway access,0,0,N
1,-122.2832981,47.53243665,734,1105,1105,3615266,Matched,Block,,39TH AVE S BETWEEN S HOLDEN ST AND S KENYON ST, ,,1,Property Damage Only Collision,Parked Car,2,0,0,2,2013/03/28 00:00:00+00,3/28/2013 20:00,Mid-Block (not related to intersection),0,NOT ENOUGH INFORMATION / NOT APPLICABLE,,N,Unknown,Unknown,Unknown,,,,32,One parked--one moving,0,0,N
1,-122.3195393,47.6199172,735,61600,61600,2617309,Matched,Intersection,29053,10TH AVE E AND E JOHN ST,,,1,Property Damage Only Collision,Angles,2,0,0,2,2006/12/27 00:00:00+00,12/27/2006 12:28,At Intersection (intersection related),11,"MOTOR VEHICLE STRUCK MOTOR VEHICLE, FRONT END AT ANGLE",Y,0,Overcast,Dry,Daylight,,6361017,,10,Entering at angle,0,0,N
1,-122.3363299,47.60898867,736,39700,39700,2071591,Matched,Block,,UNION ST BETWEEN 3RD AVE AND 4TH AVE,,,1,Property Damage Only Collision,Parked Car,3,0,0,2,2005/12/16 00:00:00+00,12/16/2005 2:13,Mid-Block (not related to intersection),14,"MOTOR VEHICLE STRUCK MOTOR VEHICLE, REAR END",,1,Clear,Dry,Dark - Street Lights On,,5350041,,32,One parked--one moving,0,0,N
1,-122.3448961,47.7171731,738,18700,18700,1079621,Matched,Block,,AURORA AVE N BETWEEN N 117TH PL AND N 125TH ST,,,1,Property Damage Only Collision,Other,4,0,0,2,2004/10/04 00:00:00+00,10/4/2004,Driveway Junction,11,"MOTOR VEHICLE STRUCK MOTOR VEHICLE, FRONT END AT ANGLE",,0,Clear,Dry,Daylight,,4278029,,21,One car entering driveway access,0,0,N
1,-122.3026228,47.61649123,739,97300,97300,3199503,Matched,Intersection,29989,23RD AVE AND E OLIVE S ST,,,1,Property Damage Only Collision,Angles,2,0,0,2,2009/08/12 00:00:00+00,8/12/2009 7:04,At Intersection (intersection related),11,"MOTOR VEHICLE STRUCK MOTOR VEHICLE, FRONT END AT ANGLE",,0,Raining,Wet,Daylight,,9224019,,10,Entering at angle,0,0,N
2,,,740,19700,19700,1772779,Matched,Intersection,31489,RAINIER AVE S AND S STEVENS ST,,,2,Injury Collision,Angles,3,0,0,2,2004/05/08 00:00:00+00,5/8/2004,At Intersection (intersection related),11,"MOTOR VEHICLE STRUCK MOTOR VEHICLE, FRONT END AT ANGLE",,0,Overcast,Dry,Daylight,,4129015,,10,Entering at angle,0,0,N